<?xml version="1.0" encoding="UTF-8" ?>
<!-- Copyright (c) 2009 Michael Brown
This program is free software; you can redistribute it and/or
modify it under the terms of the GNU General Public License
as published by the Free Software Foundation; either version 2
of the License, or (at your option) any later version.

	This program is distributed in the hope that it will be useful,
but WITHOUT ANY WARRANTY; without even the implied warranty of
MERCHANTABILITY or FITNESS FOR A PARTICULAR PURPOSE.  See the
GNU General Public License for more details.

	You should have received a copy of the GNU General Public License
along with this program; if not, write to the Free Software
Foundation, Inc., 51 Franklin Street, Fifth Floor, Boston, MA  02110-1301, USA.
Or go online to: http://www.gnu.org/licenses/gpl-3.0.txt 
-->


<Module>
  <ModulePrefs title="Slashdot Bot" height= "450">
    <Require feature="Slashdot Headlines" /> 
    <Require feature="wave" />
    <Require feature="dynamic-height" />
    <Require feature="setprefs"/> 
  </ModulePrefs>
  <Content type="html">
    <![CDATA[     
       <!-- ++Begin Dynamic Feed Wizard Generated Code++ -->
         <!--
         // Created with a Google AJAX Search and Feed Wizard
         // http://code.google.com/apis/ajaxsearch/wizards.html
         -->
       
         <!--
         // The Following div element will end up holding the actual feed control.
         // You can place this anywhere on your page.
         -->
         <div id="feed-control">
           <span style="color:#676767;font-size:11px;margin:10px;padding:4px;">Loading...</span>
         </div>
       
         <!-- Google Ajax Api
         -->
         <script src="http://www.google.com/jsapi?key=notsupplied-wizard"
           type="text/javascript"></script>
       
         <!-- Dynamic Feed Control and Stylesheet -->
         <script src="http://www.m1cr0sux0r.com/SlashdotBot.js"
           type="text/javascript"></script>
         <style type="text/css">
           @import url("http://www.m1cr0sux0r.com/Slashdot.css");
         </style>
       
         <script type="text/javascript">
           function LoadDynamicFeedControl() {
             var feeds = [
       	{title: 'Slashdot Headlines',
       	 url: 'http://rss.slashdot.org/Slashdot/slashdot'
       	}];
             var options = {
               stacked : true,
               horizontal : false,
               title : "Slashdot Bot"
             }
       
             new GFdynamicFeedControl(feeds, 'feed-control', options);
              
    
           }
           // Load the feeds API and set the onload callback.
           google.load('feeds', '1');
           google.setOnLoadCallback(LoadDynamicFeedControl);
           
           
         </script>
         
       <!-- ++End Dynamic Feed Control Wizard Generated Code++ --> 
        <script type="text/javascript">
         
       var isInWave = wave.isInWaveContainer();
      
 

 function show_prompt()
 {
 var isInWave = wave.isInWaveContainer();
 gadgets.window.adjustHeight();
 var name = prompt("Enter the Wave addresses with whom you would like to share, seperated by commas");
 
 	 // Reading state ...
 	 if (isInWave) {
 	 	wave.setStateCallback(function() {
 	 	id = wave.getState().get('id');
 		});
  	 }
 	if (name !=null && name !=""){
  		// Writing state ...
  		if (isInWave) {
  		
  	   		wave.getState().submitDelta({'is-closed': 'true'});
  	        }
  	}
 
 
 }

 
 
  
       </script> 
       <div align = "right"><img src="http://images.slashdot.org/favicon.ico" alt="Slashdot" border="0" height="16" width="16">
  &nbsp;<input type = "button" onclick="show_prompt()" value="Share this Story"/></div>
   ]]>
  </Content>
</Module>

