<?xml version="1.0" encoding="utf-8" ?><dwsync><file name="main.css" server="ftp.crap4j.org/crap4j.org/" local="3276736249" remote="2156739649397006000" /><file name="screenshots.html" server="ftp.crap4j.org/crap4j.org/" local="3276820161" remote="2046370826819751656" /><file name="articles.html" server="ftp.crap4j.org/crap4j.org/" local="3276819945" remote="392107736895082036" /><file name="forums.html" server="ftp.crap4j.org/crap4j.org/" local="3276819945" remote="2046193839807417908" /><file name="about.html" server="ftp.crap4j.org/crap4j.org/" local="3277150140" remote="2250517923843364796" /><file name="contact.html" server="ftp.crap4j.org/crap4j.org/" local="3276819945" remote="392107736895082036" /><file name="get_involved.html" server="ftp.crap4j.org/crap4j.org/" local="3276819945" remote="2046193839807417908" /><file name="favicon.png" server="ftp.crap4j.org/crap4j.org/" local="3275772569" remote="2051806623328355916" /><file name="index.css" server="ftp.crap4j.org/crap4j.org/" local="3275772569" remote="2053578142719133320" /><file name="index.php" server="ftp.crap4j.org/crap4j.org/" local="3276288839" remote="424029531566257028" /><file name="favicon.ico" server="ftp.crap4j.org/crap4j.org/" local="3275772569" remote="2051806623328355916" /><file name="ant_usage.html" server="ftp.crap4j.org/crap4j.org/" local="3277956084" remote="2606231891302523988" /><file name="download.html" server="ftp.crap4j.org/crap4j.org/" local="3276743040" remote="2249668877528015232" /></dwsync>