<?xml version="1.0" encoding="utf-8" ?><dwsync><file name="home_on.png" server="ftp.crap4j.org/crap4j.org/" local="3275772569" remote="2188680462183417480" /><file name="download_on.png" server="ftp.crap4j.org/crap4j.org/" local="3275772569" remote="2188680462183417420" /><file name="articles_on.png" server="ftp.crap4j.org/crap4j.org/" local="3275772569" remote="2188680462183417420" /><file name="forums_on.png" server="ftp.crap4j.org/crap4j.org/" local="3275772569" remote="2188680462183417420" /><file name="get_involved_on.png" server="ftp.crap4j.org/crap4j.org/" local="3275772569" remote="2188680462183417420" /><file name="bugs_on.png" server="ftp.crap4j.org/crap4j.org/" local="3275772569" remote="2188680462183417420" /><file name="crapparel_on.png" server="ftp.crap4j.org/crap4j.org/" local="3275772569" remote="2188680462183417420" /><file name="tpbanner.png" server="ftp.crap4j.org/crap4j.org/" local="3275772569" remote="2188680462183417480" /><file name="download.png" server="ftp.crap4j.org/crap4j.org/" local="3275772569" remote="2188680462183417420" /><file name="screenshots_on.png" server="ftp.crap4j.org/crap4j.org/" local="3275772569" remote="2188680462183417480" /><file name="screenshots.png" server="ftp.crap4j.org/crap4j.org/" local="3275772569" remote="2188680462183417480" /><file name="articles.png" server="ftp.crap4j.org/crap4j.org/" local="3275772569" remote="2188680462183417420" /><file name="forums.png" server="ftp.crap4j.org/crap4j.org/" local="3275772569" remote="2188680462183417420" /><file name="get_involved.png" server="ftp.crap4j.org/crap4j.org/" local="3275772569" remote="2188680462183417420" /><file name="bugs.png" server="ftp.crap4j.org/crap4j.org/" local="3275772569" remote="2188680462183417420" /><file name="crapparel.png" server="ftp.crap4j.org/crap4j.org/" local="3275772569" remote="2188680462183417420" /><file name="crap4jreport_main.png" server="ftp.crap4j.org/crap4j.org/" local="3276288701" remote="1922664275361936260" /><file name="agitar_logo_tagline.jpg" server="ftp.crap4j.org/crap4j.org/" local="3275772569" remote="2188680462183417420" /><file name="home.png" server="ftp.crap4j.org/crap4j.org/" local="3275772569" remote="2188680462183417420" /><file name="news.png" server="ftp.crap4j.org/crap4j.org/" local="3275772569" remote="2188680462183417480" /><file name="news_on.png" server="ftp.crap4j.org/crap4j.org/" local="3275772569" remote="2188680462183417480" /><file name="combined_banner.png" server="ftp.crap4j.org/crap4j.org/" local="3275772569" remote="2188680462183417420" /><file name="about.png" server="ftp.crap4j.org/crap4j.org/" local="3275772569" remote="2188680462183417420" /><file name="about_on.png" server="ftp.crap4j.org/crap4j.org/" local="3275772569" remote="2188680462183417420" /><file name="contact.png" server="ftp.crap4j.org/crap4j.org/" local="3275772569" remote="2188680462183417420" /><file name="contact_on.png" server="ftp.crap4j.org/crap4j.org/" local="3275772569" remote="2188680462183417420" /><file name="crap4jeclipse_toolbar.png" server="ftp.crap4j.org/crap4j.org/" local="3275772569" remote="2188680462183417420" /><file name="crap4jeclipse_toolbar_small.png" server="ftp.crap4j.org/crap4j.org/" local="3275772569" remote="2188680462183417420" /><file name="crap4jreport_detail.png" server="ftp.crap4j.org/crap4j.org/" local="3276288675" remote="1922664275361936260" /><file name="crap4jreport_detail_small.png" server="ftp.crap4j.org/crap4j.org/" local="3275772569" remote="2188680462183417420" /><file name="crap4jreport_main_medium.png" server="ftp.crap4j.org/crap4j.org/" local="3276288721" remote="1922664275361936260" /><file name="crap4jreport_main_ptrs.png" server="ftp.crap4j.org/crap4j.org/" local="3275772569" remote="2188680462183417420" /><file name="crap4jreport_main_small.png" server="ftp.crap4j.org/crap4j.org/" local="3276288805" remote="1922664275361936260" /><file name="banner_transparent.gif" server="ftp.crap4j.org/crap4j.org/" local="3275772569" remote="2188680462183417420" /><file name="combined_banner_trans.png" server="ftp.crap4j.org/crap4j.org/" local="3275772569" remote="2188680462183417420" /><file name="new_banner_tp.png" server="ftp.crap4j.org/crap4j.org/" local="3275772569" remote="2188680462183417480" /><file name="blog.png" server="ftp.crap4j.org/crap4j.org/" local="3275772569" remote="2188680462183417420" /><file name="blog_on.png" server="ftp.crap4j.org/crap4j.org/" local="3275772569" remote="2188680462183417420" /><file name="main_background.gif" server="ftp.crap4j.org/crap4j.org/" local="3275772569" remote="2188680462183417480" /><file name="flys.png" server="ftp.crap4j.org/crap4j.org/" local="3275772569" remote="1955376636073854600" /><file name="main_background.png" server="ftp.crap4j.org/crap4j.org/" local="3275772569" remote="2188680462183417480" /><file name="new.png" server="ftp.crap4j.org/crap4j.org/" local="3276111983" remote="2188680462183417480" /><file name="iknowmycrap.png" server="ftp.crap4j.org/crap4j.org/" local="3277764541" remote="2341375087952705588" /></dwsync>