<?xml version="1.0" encoding="UTF-8"?>
<site>
   <feature url="features/org.crap4j.eclipse.feature_1.1.6.jar" id="org.crap4j.eclipse.feature" version="1.1.6">
      <category name="Crap4j"/>
   </feature>
   <feature url="features/com.agitar.eclipse.testrunner_2.1.2.000677.jar" id="com.agitar.eclipse.testrunner" version="2.1.2.000677">
      <category name="JUnitFactory"/>
   </feature>
   <feature url="features/com.agitar.eclipse.junit.runner_2.1.2.000677.jar" id="com.agitar.eclipse.junit.runner" version="2.1.2.000677">
      <category name="JUnitFactory"/>
   </feature>
   <feature url="features/com.agitar.eclipse.api_2.1.2.000677.jar" id="com.agitar.eclipse.api" version="2.1.2.000677">
      <category name="JUnitFactory"/>
   </feature>
   <category-def name="Crap4j" label="Crap4j"/>
   <category-def name="JUnitFactory" label="JUnitFactory Client">
      <description>
         Develop Software with Confidence
      </description>
   </category-def>
</site>
